Abbaszadegan, Morteza
Abbott, Benjamin
Abendroth, Diane
Aber, John
Abrahamson, Warren G
Abramoff, Rose
Ackerman, Todd
Adam, Tom
Adamec, Lubomir
Adamovich, Boris V
Adams, Leslie M
Adams, Jesse B  --> Jesse | Jesse B
Adams, Phyllis C
Adams, Byron
Adhikari, Ashish
Aditya, Saumitra
Adler, Peter B  --> P B | Peter | Peter B
Adrian, Rita
Afshari, Shahab
Aggarwal, Rimjhim
Agnan, Yannick
Agostini, Gabriela
Aho, Kelly
Ahrens, Laurie E
Aiello-Lammens, Matthew E
Akcaalan, Reyhan
Ake, Hannah
Akin-Fajiye, Morodoluwa
Albano, Lucas Jacob
Albay, Meric
Alber, Merryl
Alberti, Juan
Alberto, Filipe
Albertson, John
Albright, Cara M
Alcaraz-Parraga, Pablo
Aldrich, Stephen
Aleksovski, Boris
Alewell, Christine
Alexander, Pezzuoli R
Alexander, Mara
Alexander, Heather D
Alexander, Clark R
Allan, Mathew
Alldredge, Alice
Allen, Scott Thomas
Allen, Jonathan
Allen, Dennis
Allman, B P
Almeida, Rony Peterson Santos
Alp, Mehmet Tair
Aluwihare, Lihini
Ambus, Per
Anarde, Katherine
Anastasia, Jean
Anderson, Thomas
Anderson, Lucy
Anderson, James
Anderson, Craig
Anderson, Jim
Anderson, Mike D
Anderson, Christopher B
Anderson, William
Anderson, Rebecca
Anderson, John P  --> John | John P
Anderson, Cody A
Anderson, Lyle
Anderson, Kathryn
Anderson, Suzanne Prestrud
Anderson, Iris
Anderson, Robert A  --> Robert | Robert A
Andrade, Riley
Andrus, Robert A  --> Robert | Robert A
Angelini, Christine
Angulo, Maria del Pilar
Anneville, Orlane
Antao-Geraldes, Ana M
Anthony, Michelle
Anthony, Robert G
Antolin, Michael F
Antoniou, Maria G
Aono, Yasuyuki
Apaydin Yagci, Meral
Appleby, Mark J
Araujo-Carrillo, Gustavo A
Archer, Steve
Ardon, Marcelo
Ares, Fred N
Argerich, Alba
Arismendi, Ivan
Arkema, Katie K
Armitage, Anna R  --> Anna | Anna R
Armstrong, David
Arnett, Amy
Arnillas, Carlos Alberto  --> C A | Carlos A | Carlos Alberto
Arp, Ryan
Arrambide, Adriana
Arthur, Mary
Arvola, Lauri
Asbjornsen, Heidi
Ash, Ryan
Ashton, Isabel W
Asmus, Ashley L  --> Ashley | Ashley L
Aspelin, Nathan A
Atkinson-Palombo, Carol
Aubrecht, Donald
Austin, Jay
Avagianos, Christos
Avalone, Vanessa
Avolio, Meghan L  --> Megan | Meghan | Meghan L
Ayres, Matthew P  --> Matthew | Matthew P
Azam, Farooq
Bach, Elizabeth M
Bachmann, Charles
Bacon, Linda
Bade, Darren
Baecher, Joseph A
Baer, Sara G  --> Sara | Sara G
Baez, Selene
Bagchi, Sumanta
Bailey, Vanessa L
Bailey, Amey
Bailey, John
Bailey, Scott W  --> Scott | Scott W
Baiser, Benjamin
Baker, Kristina
Baker, John
Baker, Lawrence A
Baker, Emily
Baker, Stephanie R  --> Stephanie | Stephanie R
Bakker, Jonathan D  --> Jonathan | Jonathan D
Balcarczyk, Kelly
Ball, Becky A  --> Becky | Becky A
Ballantyne, Ford
Ballif, Bryan
Balling, Robert
Balseiro, Esteban
Balshi, Mike S
Ban, Syuhei
Band, Lawrence E  --> Larry | Lawrence E
Banet, Amanda
Bang, Christofer
Bankowska-Sobczak, Agnieszka
Bansak, Tom S
Banville, Melanie
Barbeau, Katherine
Barber, Paul H
Barber, Grace
Barden, Nicole
Barker Plotkin, Audrey
Barnes, Rebecca T
Barnhart, Theodore
Baron, Jill
Barone, John
Barr, Jordan
Barrett, John  --> J E | John
Barrio, Isabel C
Barros, Arthur E  --> Arthur | Arthur E
Barthel, Matti
Bartlett, Sarah
Bartolome, James
Barton, Christopher C
Bartosh, Heath
Baruch, Ethan
Bashevkin, Samuel M
Basiletti, Mark
Bassow, Susan
Batavia, Chelsea
Bateman, Heather L  --> Heather | Heather L
Batt, Ryan
Battin, Tom J
Battle, Mark
Battles, John J
Batzer, Evan
Baulch, Helen M
Baur, Lauren
Baxter, Colden V
Bazzaz, Fakhri
Beard, Douglas
Beardmore, Ben
Beatty, Joseph J
Beauchene, Mike
Beaulieu, Stace
Beaulieu, Jake
Beaulieu, Julien
Beck, Ruth
Beckage, Brian
Beckmann, Michael
Bednarz, Ralph
Beene, Daniel R
Beklioglu, Meryem
Belardo, Christy
Bell, Chuck
Bell, Kayce C
Bell, David
Bell, Tom W
Bell-Dereske, Lukas P
Bellemare, Jesse
Bellis, Jerry
Belmecheri, Soumaya
Belshe, Elizabeth
Bender, Nicole
Benfield, E Fred
Benjamin, Kraemer
Bennett, Katherine
Bennett, Elena
Bennington, Cynthia
Bentley, Lisa P
Berberich, Gabriele
Berg, Peter
Bergkemper, Victoria
Bergsma, Gerick
Bergstrom, Anna
Berhe, Asmeret A
Bernal, Susana
Bernardi, Giacomo
Berner, Logan T
Bernhardt, Emily
Berryman, Shanti D
Bessey, Cindy
Bestelmeyer, Brandon T  --> Brandon | Brandon T
Besterman, Alice
Bettinelli, Julieta
Bettmann-Kerson, Peter
Betts, Matthew G
Betts, Emma
Betzel, Summer
Bever, Aaron
Beversdorf, Lucas
Bezirci, Gizem
Biardi, Katherine
Biederman, Lori
Biel, Reuben G  --> Reuben | Reuben G
Biggs, Reinette
Bilgin, Fuat
Billings, Sharon
Bills, Patrick
Bills, Robert J
Birgand, Francois
Birge, Edward
Bishop, John
Bishop, Thomas Dale
Bissett, Spencer
Bixby, Rebecca J  --> Rebecca | Rebecca J
Bjorndal, Karen A
Blackburn, Sam R
Blackmore, Pam
Bladon, Kevin
Blagden, Megan
Blagrave, Kevin
Blaha, Ludek
Blair, John
Blake, Johanna M
Blanchette, Carol A
Blanco, Jose Maria
Blanco, Juan Felipe
Blank, Jo
Blanton, Jackson O
Blazewicz, Steven J
Bleasdale, Thomas
Bloch, Christopher P
Block, Paul J
Blood, Elizabeth
Blum, Joel
Blum, Linda
Blumstein, Meghan
Boak, Emily N
Bode, Samuel
Boeckx, Pascal
Boehme, Cameron
Boelman, Natalie
Bogard, Matthew
Bohanan, Robert
Bohlen, Patrick J
Bohm, Sven
Bokan Vucelic, Itana
Bole, Gregory
Bolin, Robert
Bollard, Greg
Bolstad, Paul
Bolt, Alicia M
Bolten, Alan B
Bolton, Susan
Bond, Barbara J
Bond-Lamberty, Ben
Bondarenko, Nina A
Bondavalli, C
Bonin, Heather L
Bonito, Gregory
Bonjour, Sophia
Bonnet, Pierre
Bookout, Bethany J
Boone, Richard D
Boone, Richard
Boose, Emery F  --> Emery | Emery F
Booth, Michael T
Booth, Eric
Borer, Elizabeth T  --> E T | Elizabeth | Elizabeth T
Borrego, Isaac
Bosak, Tanja
Boscaini, Adriano
Bosio, Samuel
Bost, Molly
Boucher, Jonah
Boughton, Elizabeth H  --> Elizabeth | Elizabeth H
Bovio, Richard
Bowden, Richard
Bowden, William "Breck"  --> Breck | William "Breck"
Bowen, Sarah
Bowen, Jennifer
Bowles, Francis
Bowman, William D  --> William | William D | William F
Boyd, Melissa A
Boydston, Aaron
Boyer, Marvin
Boyer, Joseph
Boyle, Alice
Bracho, Rosvel G
Braddy, Jeremy S
Bradley, Bethany
Braker, Elizabeth
Branch, Walter
Brandon, Jennifer
Brandt, Leslie
Branoff, Benjamin
Brantley, Steven
Bravo, Andrea G
Brazel, Anthony
Braziunas, Kristin H  --> Kristin | Kristin H
Breck, James
Breckheimer, Ian K  --> Ian | Ian K
Bredensteiner, Kim
Breef-Pilz, Adrienne
Breitmeyer, Bruce W
Brenner, Richard
Brentrup, Jennifer A  --> Jennifer | Jennifer A
Bret-Harte, M Syndonia
Brett, Melissa
Brewer, Paul E
Brewer, Shannon K
Brian, Mattes M
Briceno, Henry
Bridges, Edwin L
Bridgman, David
Briggs, John
Brigham, Laurel M
Bright, Ryan M
Brinson, Mark
Bristol, Emily M
Brodsky, Christine
Brokaw, Nicholas  --> Nicholas | Nickolas
Brookes, Justin
Brooks, Rachel
Brooks, Andrew
Brookshire, Jack EN
Brousil, Matthew R
Brovold, Sandra
Brown, Kerry
Brown, Renee F
Brown, Cindi
Brown, Jeffrey
Brown, Cynthia S
Brown, Dana Rachel
Brown, James
Brown, Joseph
Brudvig, Lars A  --> Lars | Lars A
Bruesewitz, Denise A
Brush, Grace
Bryan, Brynne
Bryant, John P
Bryant, Charlotte
Bryant, David
Brzezinski, Mark Allen
Brzostek, Edward R  --> Edward | Edward R
Bucchin, Matt
Buchsbaum, Robert
Buck, Moritz
Buck, Chris
Buck, Jeanmarie
Buckley, Yvonne M
Buckley Borden, David
Budruk, Megha
Budy, Phaedra
Budzynska, Agnieszka
Buelo, Cal D  --> Cal | Cal D
Buelow, Heather
Bueno de Mesquita, Clifton P  --> Cliff P | Clifton | Clifton P
Buffam, Ishi
Buffington, Matthew L
Bugalho, Miguel  --> M N | Miguel
Bull, Diana L
Bullington, Lorinda S
Bulseco-McKim, Ashley
Bulut, Cafer
Burdett, Ayesha
Burdi, Christina E  --> Christina | Christina E
Burdick, Jacob M
Burgess, Scott
Burk, John
Burke, Constance J
Burke, E
Burke, Samantha M  --> Samantha | Samantha M
Burke, Ingrid  --> Indy | Ingrid
Burkepile, Deron
Burns, Christine
Burns, Elizabeth K
Burt, Melissa A
Burton, Andrew
Busby, Posy
Bushnell, John H
Buso, Donald C  --> Don | Donald C
Butitta, Vince
Butler, Brett
Butman, David
Butterfield, H Scott
Buyantuyev, Alexander  --> Alex | Alexander
Buzby, Karen
Byrnes, Jarrett Edward  --> Jarrett | Jarrett Edward
Cable, William L
Cabot, Perry
Cadenasso, Mary L
Cadotte, Marc W  --> M W | Marc | Marc W
Cai, Wei-Jun
Caine, T Nelson (Nel)  --> Nel | Nelson | T Nelson (Nel)
Caldeira, Maria C  --> M C | Maria | Maria C
Calderon, Francisco
Calef, Monika P
Camacho, Antonio
Camacho-Ibar, V
Camerlo, Rion
Campana, S
Campbell, James A
Campbell, Kylie L
Campbell, Watson D
Campbell, Robert
Campbell, John L
Campbell, John L  --> John | John L
Campos-Cerqueira, Marconi
Canale, Raymond  --> Ray | Raymond
Candeias, Matt
Canham, Charles
Cann, Matthew
Cantrell, Sharon
Capkin, Kadir
CaraDonna, Paul J
Carballeira, Rafael
Carbone, Mariah
Cardenas, Pablo
Cardenas, Bayani
Cardille, Jeffrey
Cardinale, Bradley Joseph
Cardona-Olarte, Pablo
Carey, Joanna
Carey, Cayelan C  --> Cayelan | Cayelan C
Carlo, Tomas
Carlson, Joel
Carlson, Charles
Carlson, Craig A  --> Craig | Craig A
Carpenter, Ryan
Carpenter, Robert
Carpenter, Stephen R  --> Stephen | Stephen R
Carrara, Joseph E
Carreiro, Margaret
Carroll, Lindsay
Carroll, George C
Carson, Christine
Carter, Dan
Casagrande, David
Casby, Amanda
Caselle, Jenn
Cassar, Nicolas
Casson, Nora
Castaneda, Edward
Castendyk, Devin
Casteneda Ruvalcaba, Itzel P
Castorani, Max C N
Castorani, Max C N  --> Max C N | Max CN
Castro, Enrique
Catalan, Nuria
Catena, John
Catford, Jane
Catlett, Dylan
Catovsky, Sebastian
Caughlin, Trevor
Cavanaugh, Kyle C
Cavender-Bares, Jeannine  --> Jeanine | Jeannine
Cawley, Kaelin
Ceausu, Silvia
Celestian, Sarah
Celik, Kemal
Celis, Gerardo
Cerasino, Leonardo
Cereijo, Jose-Luis
Cerveny, Niccole Villa
Cesur, Mehmet
Chacon, Stephany S
Chai, Rachel K
Chakalian, Paul
Chambers, Randy
Chamblee, John F
Champ, Julien
Chan, Andy
Chandler, Jennifer
Chandra, Sudeep
Chaneton, Enrique J
Chang, Ed-Haun
Chang, Chaoyi
Chapela Lara, Maria
Chapin, Terry
Chapin, FS Stuart  --> F Stuart | FS Stuart
Chapline, William
Chapman, Andy
Charney, Noah
Chase, Jonathan
Chaverri, Luis G
Cheeck, James
Chekalyuk, Alexander
Chen, Chiou-Pin
Chen, Min
Chen, G
Chen, Yuwei
Chen, Youchao
Chen, Shengyang
Chen, Ann
Chen, Angus
Cheng, Ellen
Cheng, Selina L  --> Selina | Selina L
Cherry, Jessica
Cheruvelil, Kendra S  --> Kendra | Kendra S
Chesson, Peter
Chester, Mikhail
Chignell, Stephen
Childers, Daniel L  --> Dan | Daniel | Daniel L
Chilton, Elizabeth
Chin, Nathan A
Chiou, Chyi-Rong
Chiu, Chih-Yu
Chmura, Damian
Chmura, Helen
Choens, Robert Charles
Chomova, Lucia
Chorazyczewski, Adam
Chou, Chiao-Ying
Chow, Winston
Chowanski, Kurt
Christel, Samuel
Christensen, Erica
Christenson, Lynn
Christian, Robert
Christianen, Marjolijn J A
Christianson, Kyle
Christoffersen, Kirsten Seestern
Chung, Y Anny  --> Anny | Y Anny
Churchill, Amber
Ciais, Philippe
Cichosz, Thomas
Cillero-Castro, Carmen
Cinar, Sakir
Clare, Ryan M
Clark, Kevin B
Clark, James S
Clark, James
Clarkson, Charles
Classen, Aimee T  --> Aimee | Aimee T
Cleavitt, Natalie
Cleckner, Lisa
Clein, Joy S
Cleland, Elsa E
Clilverd, Hannah M
Cline, Lauren
Cline, Albert  --> Al | Albert
Cline, Donald  --> Don | Donald
Clinton, Barton D
Clymans, Wim
Clyne, Ailis
Coble, Ashley A
Cobourn, Kelly M
Coelho, Nelson C
Cogbill, Charles
Cohen, Jonathan
Colburn, Elizabeth
Cole, Jonathan  --> Jon | Jonathan
Coleman, Daniel
Coleman, David C
Collado-Vides, Ligia
Collinge, Sharon K
Collins, Adam D
Collins, Bridget
Collins, Sarah M  --> Sarah | Sarah M
Collins, Scott L  --> Scott | Scott L
Colman, Daniel
Colom-Montero, William
Comendant, Tosha L
Comer, Kiernan
Commane, Roisin
Conaway, C H
Condon, Bradford
Congdon, Victoria
Conley, Shannon
Conley, Daniel
Conlin, Molly R
Connell, Kent
Conner, William H
Connolly, Brian
Connolly, Craig T
Connors, John
Conord, Cyrille
Conrad-Rooney, Emma
Conroy, Joe
Conroy, Jack
Constant, Nerine
Contador, Tamara A
Contreras, Dave
Converse, Rowan L
Convey, Peter
Conway, Alexandra  --> Alexandra | Alix
Cook, Elizabeth M
Cook, John R
Cook, Terry
Cooper, Daniel
Cooper, Scott D  --> Scott | Scott D
Corman, Jessica R  --> Jessica | Jessica R
Coronado, Carlos A
Correa, A
Corrigan, Rachel S
Corson-Rikert, Hayley
Cory, Rose
Costa, James T
Costa, Duane
Costa, Scott
Costa, Duane
Costello, Rosana A
Cotrufo, M Francesca
Cottingham, Kathryn L
Cottrell, Matthew
Coull, Bruce
Courtney, Gregory
Cousins, Jamaica
Covich, Alan
Cowie, Rory M
Cox, Aneliya
Cozzetto, Karen
Craft, Christopher B
Craig, Michael
Cramer, Alli N
Crank, Peter
Crate, Sarah
Crawford, Brandon
Crawford, John
Cregger, Melissa
Crerar, Lorelei
Crill, Patrick
Crone, Elizabeth
Cronk, Kevin
Crosby, Benjamin T  --> Benjamin | Benjamin T
Cross, Anne
Crowl, Todd
Crowley, Katherine F
Crowther, Thomas
Crummer, Kathryn G
Crump, Byron C  --> Byron | Byron C
Crumpton, William
Cruz, C
Cunha, Thiago A
Cunningham, Gary
Curtinrich, Holly J
Curtis, John Bryan  --> John B | John Bryan
D, Frank
Dahm, Clifford
Dailey, Susan
Daleo, Pedro
Daley, Raymond  --> R K | Raymond
Dallaire, Thomas
Dalton, Shawn
Daly, Robert
Daly, Christopher
Damon, Lauren
Damschen, Ellen I  --> Ellen | Ellen I
Daniel, Debbie
Darby, Bridget A
Darling, Joshua
Daru, Barnabas
Daryl Moorhead, Daryl
Das, Arpita
Dashner-Titus, Erica J
Dastan, Christopher
Dauhajre, Daniel P
Davey, Earl
Davidson, Eric
Davidson, Ana
Davies, Scott
Davies, Kenneth
Davies, Stuart
Davinroy, Tom
Davis, Kira
Davis, Samantha
Davis, Robert
Davis, Frank W
Davis, Brittany
Davis, Ashley
Davis, Charles
Day, Thomas
Day, Frank
Dayton, Paul K
de Albuquerque, Fabio
de Eyto, Elvira
de Graaff, Marie-Anne
de Senerpont Domis, Lisette
Deacon, Nicholas
DeAngelis, Kristen
Deas, Michael
Deaton, Charles
Debinski, Diane
Declet-Barreto, Juan
Dee, Laura
Deegan, Linda
Deemer, Bridget
DeForest, Jared L
DeGasperi, Curtis L
DeGasperis, Brian
Degrassi, Allyson
Dehring, Carolyn
Del Giorgio, Paul A
Del Toro, Israel
Delany, Austin D
Delgado Martin, Jordi
DelVecchia, Amanda
DeMarco, Jennie
Demers, Charlotte
Demir, Nilsun
Dempsey, Christopher M
Den Uyl, James H
Denfeld, Blaize A
deNoyelles, Jerry
Denslow, Julie S
Derry, Alison M  --> Alison | Alison M
Desai, Ankur R  --> Ankur | Ankur R
DeSilva, Tere
DeStefano, Stephen
Detling, James
Deviche, Pierre
Devlin, Donna
Devlin, Shawn P
Di Iorio, Daniela
Di Marco, Rodolfo
Diamond, Jacob S
Diaz, Cynthia Grace
Dickie, Ian
Dickman, C R
Dickson, T L
Diebel, Matthew
Diehl, Rebecca M
Diemer, Laura
Dietze, Michael
Dillon, Robert
Diskson, Timothy L
Dissing, Dorte
Dix, Margaret A
Dixon, Mark D
Dixon, John Douglas
Doak, Patricia
Dodds, Walter K  --> Walter | Walter K
Dodson, Stanley
Doheny, Brandon
Dokulil, Martin T  --> Martin | Martin T
Dolan, Robert
Domek, Piotr
Domysheva, Valentina M
Donahue, Brian
Dong, Bo
Dong, Xiaoli
Donohue, I
Donohue, Kathleen
Doo, Steve
Dooley, James
Doran, Peter
Dosch, Nicholas T
Doubek, Jonathan P  --> Jonathan | Jonathan P
Doucette, Dianna
Douglas, Sarah
Douglas, Thomas A
Dowling, Carolyn
Downing, Jason
Downing, John
Downs, Robert R
Downs, Martha R
Drake, Michael
Drake, John
Drake, John E  --> John | John E
Drastichova, Iveta
Drewa, Paul
Dreyer, Jamin
Driscoll, Charles T  --> Charles | Charles T
Drossman, Howard
Du Preez, Chris C
Duarte, Danielle A
Ducey, Mark
Ducklow, Hugh
Dudgeon, Steve R
Duerr, Ruth
Dueser, Raymond
Duffy, Paul
Duffy, Christopher
Dugan, Jenifer E
Dugan, Hilary A  --> Hilary | Hilary A
Duguay, Claude
Dukett, James
Dunalska, Julita
Duniway, Michael  --> Michael | Mike
Dunn, Robert
Dunn, Allison
Dunton, Kenneth H
Duran, Jorge
Duranleau, Deena
Duszyinski, Don
Duvall, Melissa
Duveneck, Matthew
Dwyer, John M
Dykema, Stephanie
Dymond, Salli F
Dyrness, C Ted
Dzyuban, Yuliya
Eagar, Chris
Earl, Stevan R  --> Stevan | Stevan R
Eberhard, Erin K
Ebert, Thomas
Ebert, Chris H
Ebert-May, Diane
Edelman, Andrew
Edgar, Colin
Edmonds, Jennifer
Edmunds, Peter
Edwards, Christine
Edwards, Hailee L
Edwards, Vincent
Edwards, Mary
Effler, Steven W
Eiche, Andrew
Eichhorst, Kim D  --> Kim | Kim D
Eichler, Lawrence W  --> Larry W | Lawrence W
Einarsson, Arni
Eisenhauer, Nico
Eisneman, David
El Hayek, Eliane
Elahi, Robin
Elersek, Tina
Elias, Scott
Elling, Arthur E
Elliott, Katherine
Ellis, Daniel
Ellison, Aaron
Elmendorf, Sarah
Elsner, Cobb
Elwood, Kelsey K
Embke, Holly S  --> Holly | Holly S
Emery, Kyle
Emmingham, William H
Eneboe, Jason
Engel, Vic
English, Chance J
Enquist, Brian
Epting, Justin
Erickson, Tyler A  --> Tyler | Tyler A
Erina, Oxana
Erisman, Brad
Erly, Kate
Ernest, Morgan
Erwin, R
Eskelinen, Anna  --> A | Anna | Anu
Eugster, Werner
Euskirchen, Eugenie S  --> Eugenie | Eugenie S
Evans, Daniel
Evans, Ann
Evans, Daniel
Evelyn, Gaiser
Evensen, Nicolas
Everham, Edwin
Everly, Kylie M
Ewert, Jason
Ewing, Kye
Ewing, Holly A
Faassen, Elisabeth J
Fady, Bruno
Fagan, William
Fagherazzi, Sergio
Fahey, Robert T
Fahey, Timothy J  --> Tim | Timothy | Timothy J
Fahrig, Lenore
Faison, Edward
Faist, Akasha M
Fakhraee, Mojtaba
Fakioglu, Ozden
Falkowski, Michael J
Fang, Wei
Fantozzi, Kevin
Fargione, Joe
Farnsworth, Elizabeth
Farrand, Alex M
Farrell, John M
Farrell, Kaitlin J
Farrell, Jeremy L
Farrer, Emily C
Fastie, Christopher L
Fastner, Jutta
Fathauer, Ted
Faust, Ed
Fay, Philip A
Fazekas, Hannah M
Feagin, Russell
Feierabend, Dashiell Sheene
Feijoo, Claudia S
Feldmann, Tonu
Feldsine, Natalie A  --> Natalie | Natalie A
Feller, Bob
Fenster, Michael
Fergus, C Emi  --> C | C Emi | CEmi | Emi
Fernandes, Arnold
Fernandez, Ivan J
Fernandez-Moran, Elisabeth
Fernando, H Joe
Ferriol, Carmen
Fetcher, Ned
Feuchtmayr, Heidrun
Fey, Samuel
Fiala McIntosh, Anne CS
Fichot, Cedric
Fichter, June R
Fick, Jerker
Field, Rebecca
Fierer, Noah
Figueiredo, Renato J
Filazzola, Alex
Filbert, Jennifer
Filiz, Nur
Fillingim, Hope
Filstrup, Christopher  --> Chris | Christopher
Finger, Rebecca A
Finical, Leslie
Finlay, Jacques
Finley, Andrew
Finney, Bruce P
Finzi, Adrien
Firn, Jennifer  --> J L | Jennifer
Fisher, Mark
Fisher, Janet M
Fisher, Stuart
Fisher, Fred
Fisher, Richard
Fisk, Melany
Fitch, Henry S
Fitch, Amelia A
FitzGerald, Duncan
Fitzhugh, Ross
Fitzjarrald, David
Fitzpatrick, Matthew  --> Matt | Matthew
Fjare, Dana
Flaim, Giovanna
Flandrick, Nancy
Fleck, Rachel
Fletcher, Robert J
Flores, Natalie M
Flores, Alejandra
Flory, S Luke
Fluet-Chouinard, Etienne
Flynn, Dan
Fogarty, Natalie K
Fokidis, Bobby H  --> Bobby | Bobby H
Foley, Catherine M
Fong, Caitlin R
Fong, Peggy
Fong, Elizabeth
Fonvielle, Jeremy
Foote, M Joan Joan
Forbrich, Inke
Forester, Anna
Fork, Megan L  --> Megan | Megan L
Forkner, Rebecca E
Forrester, Chiara C  --> Chiara | Chiara C
Foster, David
Foster, Matthew
Foster, Bryan
Foster, Adrianna C
Foster, David
Fountain, Andrew
Fourqurean, James W  --> James | James W
Foust, Christy M
Fox, Peter
Frady, Charles H
Frak, Magdalena
Francis, Donna
Franklin, Jerry F
Frankova, Marketa
Frankovich, Thomas
Fraser, Andrew
Fraser, Olivia
Fraser, William
Fraser, James
Fraterrigo, Jennifer M  --> Jennifer | Jennifer M
Fratta, Dante O
Frederick, Zandon A
Fredriksen, Richard L
Freedman, Zachary B
Frentress, Jason JB
Frey, Sarah J K
Frey, Matthew Dean
Frey, Serita D  --> Serita | Serita D
Frick, Madeleine A
Friedl, Mark
Friedlaender, Ari
Frisch, John
Frost, Thomas
Frye, Jonathan
Fuentes, Jose
Fuller, Lori
Fuller, Nathan
Fuller, Janice
Fulweiler, Robinson W  --> Robinson | Robinson W
Funk, Alexander
Furedi, Mary Ann
Furry, Kim
Furze, Morgan
Fuss, Colin B
Gaeta, Jereme W  --> Jereme | Jereme W
Gagala, Ilona
Gahler, Mark
Gaiser, Evelyn E  --> Evelyn | Evelyn E
Galef, Jeff
Galletti, Christopher S
Galloway, James
Galloway, Aaron W E
Galvez, Jose Angel
Ganan, Melisa
Ganger, Michael T
Gannon, Dustin
Gannon, John
Garcia, David
Garcia-Murcia, Ana
Gard, Richard  --> R | Richard
Gardner, Robert
Gardner, Chris
Garland, Carey J
Garlick, Sarah
Garman, Steven L
Garnello, Anthony J
Garretson, Alexis C  --> Alexis | Alexis C
Garretson, Frances
Garritt, Hap
Garzella, Craig
Gasarch, Eve I
Gastil-Buhl, Gastil  --> Gastil | M
Gates, Michael W
Gawley, Bill
Gaynus, Camille J
Gehman, Alyssa
Geist, Simon
Gendron, Eli Michael Sokol
George, Scott
George, Lisa
Georgiou, Katerina
Gerber, Stefan
Gergel, Sarah E
Geris, Rodan
Gerling, Alexandra B
Gerstner, Katharina
Getson, Jackie
Ghazian, Nargol
Gherardi, Laureano A  --> Laureano | Laureano A
Gholz, Henry L
Giasson, Marc-Andre
Gibbens, Robert
Giblin, Anne
Gido, Keith
Giglia, Sheryl K
Gilbert, Morgan
Gill, Nathan S
Gill, Allison
Gillen, Megan
Gillette, Dale
Gilman, Casey
Ginther, Sam
Girdner, Scott F
Giuliani, Gregory
Gkelis, Spyros
Glazner, Rachael M
Gleeson, Scott
Gligora Udovic, Marija
Gober, Patricia
Goddard, Jeffrey HR
Godsey, Sarah
Goeke, Janelle A
Goericke, Ralf
Goethals, Peter
Goetz, Scott J
Golden, Heidi
Goldenheim, William
Goldfarb, Sadye K
Goldstein, Miriam
Goldstein, Guillermo
Goldstein, Evan
Goldyn, Ryszard
Goma, Joan
Gomez, Jesus
Gomez-Roxas, Proserpina
Goncalves, Vitor
Gonzales, Daniel
Gonzalez, Eugenio
Gonzalez, Grizelle
Gonzalez, Maria J  --> Maria | Maria J
Goodale, Christine L  --> Christine | Christine L
Gooden, Michael K
Goodman, Jo Anna
Goodridge, Blair M
Gooseff, Michael
Goralnik, Lissy
Gorman, Kristen
Gorsky, Adrianna L  --> Adrianna | Adrianna L
Gosz, James  --> James | Jim
Gotelli, Nicholas  --> Nicholas | Nick
Gotschalk, Chris
Gottlieb, Elaine
Gough, Christopher
Gough, Laura
Gould, Ernest
Gouttevin, I
Grabowska, Magdalena
Graf, William L  --> Will | William L
Graff, P
Gragson, Ted
Graham, Jim
Graham, Jeremy A
Grandy, A S
Grant, Gordon E
Gratton, Claudio
Gray, Sarah M
Gray, Jeff
Gray, Derek
Greathouse, Effie A
Greb, Steven
Green, Mark B  --> Mark | Mark B
Greenfield, Ben
Greenland, David
Gregory, Stanley V
Greiner, Jill
Grella, Rebecca
Greyson-Gaito, Christopher J
Grier, Shalanda
Gries, Corinna
Griffin, Paul C
Griffin, Kevin L  --> Kevin | Kevin L
Griffiths, Robert P
Griffiths, Natalie A  --> Natalie | Natalie A
Grimm, Nancy B  --> Nancy | Nancy B
Griswold, Terry L
Groffman, Peter M  --> Peter | Peter M
Gross, Avner
Gross, Katherine L  --> Katherine | Katherine L | Kay
Grossart, Hans-Peter
Grossman, Jacob  --> Jacob | Jake
Grossman, Gary D
Grossman-Clarke, Susanne
Grove, Morgan J  --> Morgan | Morgan J
Grover, Herb
Gruner, D S
Grzesik, Emilia J
Guerard, Jennifer
Guerrieri, Rossella
Guilinger, James J
Guillocheau, Nathalie
Gulick, Alexandra G
Gullett, Poppie
Gunnell, John
Gunsch, Matthew
Guntenspergen, Glenn
Guo, Hongyu
Guo, Qinghua
Gurevitch, Jessica
Gurjao de Oliveira, Alinne
Gutierrez del Arroyo Santiago, Omar
Gutierrez-Fonseca, Pablo
Haande, Sigrid
Haarstad, John
Hacker, Sally D  --> Sally | Sally D
Hackett, Edward
Hackworth, Zachary J
Haddad, Liana
Haddad, Nicholas  --> Nicholas | Nick | Nick M
Hadley, Sarah J K Frey
Hadley, Julian
Hagen, Jackie
Hagenah, Nicole
Haggqvist, Kerstin
Haider, Sylvia
Haines, Bruce R
Halbur, Michelle M
Hale, Katherine E
Hale, Rebecca L  --> Rebecca | Rebecca L
Halewood, Stuart
Halewood, Elisa Walner  --> Elisa R | Elisa Walner
Halfman, John
Halfpenny, Jim
Hall, Kristofer M
Hall, Steven J
Hall, Brian
Hall, Charles AS
Hall, Nathan S  --> Nathan | Nathan S
Hall, Sharon
Hallett, Richard A
Hallett, Lauren M  --> Lauren | Lauren M
Hallmark, Alesia J
Hallworth, Michael
Hally, David J
Halpern, Charles B
Halpin, Anne
Hambright, K David
Hamburg, Steven P  --> Steven | Steven P
Hamilton, Jasmine
Hamilton, David P  --> David | David P
Hamilton, Stephen  --> Stephen | Steve
Hammel, Kenneth E
Hammerstrom, Kamille K
Hammond, Nicholas W
Hampton, Stephanie E  --> Stephanie | Stephanie E
Hamre, Kathleen D
Han, Xueying
Hanan, Niall P
Handler, Amalia M  --> Amalia | Amalia M
Haney, Bambi J
Hankinson, Tom
Hansen, Jennifer
Hansen, Winslow Deming  --> Winslow D | Winslow Deming
Hansen, Gretchen J A  --> Gretchen | Gretchen J A
Hanson, Paul C  --> Paul | Paul C
Hansson, Lars-Anders
Haq, Shahan
Harden, Jennifer W
Hardison, Amber
Hargreaves, Bruce R
Harlan, Sharon
Harmon, Philip F
Harmon, Mark E  --> Mark | Mark E
Harms, Tamara
Harpold, Adrian
Harpole, Stan
Harpole, W Stanley  --> W S | W Stanley
Harrer, Shannon
Harris, Jennifer E
Harris, David
Harris, Michael
Harris, Jayme
Harrison, Joel W
Harrison, Elizabeth
Harrison, Jamie L  --> Jamie | Jamie L
Hart, Julia
Hartman, Melannie D
Hartman, Michael
Hartman, Rosemary K  --> Rosemary | Rosemary K
Hartnett, Hilairy
Hartnett, David
Hartsock, Jeremy A
Harvey, Brian J
Hatala Matthes, Jaclyn
Hatch, Rosemary
Hatcher, Patrick G
Hautier, Yann
Havens, Karl
Havstad, Kris M  --> Kris | Kris M
Hawes, Ian
Hawk, Glenn M
Hawkins, Jennifer S
Hawman, Peter
Hayden, Bruce
Haydon, Shane
Hayes, D J
Hayes, Nicole
Hayhoe, Katharine
Hayn, Melanie
Head, JD
Healy, Rosanne
Heartsill-Scalley, Tamara
Heaton, Sylvia
Heavenrich, Hannah
Heckman, R W
Hector, Andy
Hedges, Larry Vernon
Hedin, Keri Jacobson
Hedin, Lars
Hedquist, Brent
Hegeman, Ericka E
Hegoburu, Cecilia
Hein, Christopher
Hein, Katie
Hein, Catherine L  --> Catherine | Catherine L
Heindel, Ruth C  --> Ruth | Ruth C
Heiskary, Steve
Heithaus, Michael
Hejzlar, Josef
Hell, Katherina
Heller, Erin
Hellstrom, Robert
Helmig, Detlev
Helms, Jackson
Helms Cahan, Sara
Helmueller, Greta
Helmus, Matthew R  --> Matt | Matthew R
Helton, Ashley M
Hench, James L  --> James | James L
Hendrick, Ronald
Hendricks, Susan
Hendrikx Freitas, Fernanda
Heneberry, Joceylene
Hennessy, Joseph
Hennessy, April
Henning, Jeremiah A
Henry, Emily
Hepinstall-Cymerman, Jeff
Herbert, Ellen
Hermes, Anna L
Hernandez, Armand
Herndon, Matthew
Herndon, Brian P
Herren, Cristina
Herrick, Bradley M
Herrick, Jeffrey  --> Jeff | Jeffrey
Herrmann, John
Herron, Elizabeth
Hershey, Ann
Herstoff, Emily M
Hess, Laura
Hessen, Dag O
Hession, William C
Hetherington, Amy
Hetzenauer, Harald
Heverlein, Thomas
Hewett, Alexander
Hewins, Daniel  --> Dan | Daniel
Hewitt, Rebecca Eliza  --> Rebecca | Rebecca Eliza
Heyerdahl, Emily K
Hickler, Matthew
Hickman, Jonathan Edward
Hicks Pries, Caitlin Elizabeth  --> Caitlin E | Caitlin Elizabeth
Hietpas, Kaitlynn
Higgins, Scott N  --> Scott | Scott N
Hildebrand, John
Hill, Troy
Hiltner, Ethan
Hinckley, Eve-Lyn S  --> Eve-Lyn | Eve-Lyn S
Hinman, Katharine
Hinzman, Larry D
Hirst, Catherine
Hiskia, Anastasia
Hixcon, Eric
Hladik, Christine M
Ho, Long
Hobbie, Erik
Hobbie, Sarah E  --> Sarah | Sarah E
Hobbie, John
Hobbs, Richard J  --> Richard | Richard J
Hoben, John
Hochstrasser, Tamara
Hockaday, William C
Hodges, Karen E
Hodgson, James
Hodson, Robert E
Hoebelheinrich, Nancy
Hoecker, Tyler J
Hoekman, David
Hoffman, Jessica
Hoffman, Matthew
Hofmann, Gretchen E  --> Gretchen | Gretchen E
Hofmeister, R Jon
Hogan, James Derek
Hogan, Sara
Hogan, Tim
Hogan, James Aaron  --> James | James A | James Aaron
Hogg, Alan
Hogue, Gregory
Holbrook, N Michele
Holbrook, Sally J  --> Sally | Sally J
Holland-Moritz, Hannah
Holleran, Molly E
Hollibaugh, James T  --> James | James T
Hollingsworth, Jamie
Hollingsworth, Teresa Nettleton
Holmes, Caitlin
Holmes, Richard T  --> Dick | Richard | Richard T
Hondula, Kelly
Hondula, David
Hong, Grace
Honious, Sarah AS
Honti, Mark
Hood, Katherine
Hook, Simon
Hoopes, Martha
Hoover, David
Hope, Andrew
Hope, Diane
Hopkinson, Peter
Hopkinson, Charles  --> Charles | Chuck
Hosen, Jacob
Hosley, Neil  --> N | Neil
Hosseini, Parviez R
Hostetler, Ashley N
Hostetler, Mark E
Hotchkiss, Sara
Hounshell, Alexandria G
House, Melissa
Houseman, Brian R
Howard, Andrew R
Howard, Evan
Howard, Dexter W
Howard, Timothy G
Howard, Jason L  --> Jason | Jason L
Howarth, Robert
Howe, Katherine M
Howkins, Adrian
Hrabik, Thomas
Hsieh, Hsun-Yi
Hsieh, Yi-Fang
Hsu, Joanna S
Huang, Tian-Yuan
Huang, Wenjuan
Huang, Ganlin
Huang, David Y
Hubbard, David M
Hudson, Haley
Huenneke, Laura
Huff, Emily
Huffaker, Diana
Huggett, Brett
Hughes, Zoe J
Hulen, Thom
Humphries, Hope
Hunt, Brianna K
Hunter, Mark D
Huntington, Henry P
Huntington, O H
Huntly, Nancy
Huryn, Alex
Hutchings, Jennifer K
Hutchings, Jack A  --> Jack | Jack A
Hutchins, Jana
Hutchins, Eric
Hutchinson, Todd F
Hutchinson, Rebecca A
Huth, Paul
Hutton, John
Huttula, Timo H  --> Timo | Timo H
Hutyra, Lucy
Huuskonen, Hannu
Huxley, Jared D
Hyatt, Laura A  --> Laura | Laura A
Hyde, Peter G
Iannuzzi, Richard
Ibanez, Ines
Ibelings, Bastiaan W
Ignace, Danielle
Ikemiyagi, Naoaki
Iler, Amy
Ilgen, Anastasia G
Inouye, Richard
Irland, Charly
Irwin, Rebecca E
Irwin, Elena
Isbell, Forest
Iskin, Ugur
Isles, Peter D
Istvanovics, Vera
Ives, Anthony
Iwahana, Go
Iwaniec, David M
Izmest'eva, Lyubov
Jackson, Randy
Jackson, C Rhett
Jacobs, Sabrina L
Jaeger, CH (Jason)
Jafarov, E E
Jaffe, Rudolf
Jaimes, Aline
Jakubowska-Krepska, Natalia
James, Anna K
Jane, Stephen F  --> Stephen | Stephen F
Janus, Lorraine L
Jardine, Jude
Jarecke, Karla
Jarrell, Shannon C
Jarzyna, Marta A
Jasinski, Briana L
Jasrotia, Poonam
Jass, Theodore
Jasser, Iwona
Jay, Katya
Jean, Melanie
Jekielek, Phoebe E
Jenerette, Darrel
Jenkins, Jerry
Jennings, Eleanor
Jennings, Keith
Jennings, Katie A  --> Katie | Katie A
Jenny, Jean-Philippe
Jensen, William
Jensen, Kailey L
Jerome, Diana K
Jerves-Cobo, Ruben
Jevon, Fiona V  --> Fiona | Fiona V
Ji, D
Ji, Wenjie
Jiang, Yueyang
Jiangxiao, Qiu
Joehnk, Klaus D
Joern, Anthony
Jofre- Rodriguez, Gaston
Johansson, Mattias L
Johnes, Penny J
Johnson, Ava E
Johnson, Robert A
Johnson, Lea
Johnson, J
Johnson, Michele
Johnson, Jessica
Johnson, Brenda
Johnson, Cody
Johnson, Loretta
Johnson, David
Johnson, Pieter T  --> Pieter | Pieter T
Johnson, Sherri L  --> Sherri | Sherri L
Johnson, C Eric  --> C Eric | Chris | Eric C
Johnston, Mariann T
Johnston, Marie R
Johnston, Robert
Johnston, Kenneth E  --> Ken | Kenneth E
Johnstone, Jill
Joly, Alexis
Jonathan, Borrelli J
Jones, Ian
Jones, William
Jones, Devin K
Jones, Andy
Jones, Matt
Jones, Sydney
Jones, Julia A
Jones, Stuart
Jones, Benjamin M  --> Benjamin | Benjamin M
Jones, Jeremy Boyd  --> Jeremy | Jeremy B | Jeremy Boyd
Jones, John "Jack"  --> John | John "Jack" | John R
Jonsdottir, Ingibjorg Svala
Jonsson, Bengt Gunnar
Jorgensen, Marianne
Jorgenson, Mark Torre  --> Mark Torre | Torre
Joye, Samantha B
Juday, Chauncy
Juday, Glenn Patrick
Juice, Stephanie m  --> Stephanie | Stephanie m
Jung, Yeajin
Kadej, Stephanie
Kainer, Karen A
Kaloudis, Triantafyllos
Kamarainen, Amy
Kambach, Stephan
Kaml, Miranda
Kane, Evan S
Kanevskiy, Mikhail
Kangro, Kersti
Kangur, Kullli
Kaplan, Louis A
Kaplan, Nicole
Kapsenberg, Lydia
Karagatzides, Jim Demetrios
Karakaya, Nusret
Karan, Tunay
Karl, David
Karlsson, Jan
Karnaukhov, Dmitry Yu
Karosiene, Jurate
Karpanty, Sarah
Karpowicz, Maciej
Kaseman, Justine
Kasischke, Eric S
Kaspari, Michael
Kasper, Jeremy L
Kasperoviciene, Jurate
Kasprzak, Peter
Kathe, Jessica J
Kathilankal, James
Katsaros, Dean
Katsev, Sergei
Katti, Madhusudan V  --> Madhusudan | Madhusudan V
Kaufman, Donald
Kaushal, Sujay S  --> Sujay | Sujay S
Kaye, Jason
Kayfetz, Karen
Kaylor, Matthew J
Kazanski, Clare
Kazenel, Melanie R
Kearney, William
Keene, William
Keeton, William S
Keller, Wendel B
Kelley, Allison K
Kellogg, Colleen TE
Kelly, Stephen
Kelly, John J
Kelly, Thomas
Kelly, Eugene  --> Eugene | Gene
Kelsey, Eric
Kemmitt, Katherine  --> Katherine | Kathrine
Kendig, Amy E
Kendrick, Michael
Kennedy, James H
Kennedy, Peter G
Kent, Dylan R
Kent, Angela
Kerkering, Heather
Kettle, Dean
Khan, Hares
Khomik, Myroslava
Kieft, Thomas L
Kielland, Knut
Kim, Hankyu
Kim, Eunshik
Kim, Stacy L
Kimmel, Kaitlin
Kimura, Nobuaki
King, Andrew
King, David
Kinkel, Linda
Kinlock, Nicole L
Kinzig, Ann
Kinzinger, Emily C
Kirby, Andrew
Kirk, Ryan R
Kirkman, Kevin P  --> Kevin | Kevin P
Kirsch, Joseph
Kirwan, Matthew
Kishbaugh, Scott
Kitchell, James F  --> James F | Jim
Kitchen, Anthony
Kittel, Timothy
Kittelberger, Kyle D
Kittredge, David
Kivlin, Stephanie N
Kjerfve, B
Klaus, Marcus
Klawinski, Paul
Kling, George
Kloeppel, Brian D
Klose, Kristie
Klosterman, Stephen
Klotz, Stefan
Klug, Jennifer L  --> Jen | Jennifer | Jennifer L
Knapp, Roland A
Knapp, K Alan
Knapp, Alan
Knight, Susan
Knoepp, Jennifer D
Knoll, Lesley B
Knops, Johannes M H  --> Johannes | Johannes M H
Knowles, John A  --> John A | John F
Knowles-Yanez, Kimberly
Knutsen, Johann
Kobos, Justyna
Kocer, Mehmet Ali Turan
Koch, Joshua
Koerner, Sally
Kohler, Tyler J  --> Tyler | Tyler J
Koker, Latife
Kokocinski, Mikolaj
Kolasa, Keith
Kolka, Randall K
Koltz, Amanda  --> A M | Amanda
Komatsu, Kimberly J  --> K J | Kimberly | Kimberly J
Kominoski, John S  --> John | John S
Koning, Aaron A
Konstantinou, Iosif
Koohafkan, Michael
Koontz, Stephanie M
Koontz, Terri
Kopalova, Katerina
Koreiviene, Judita
Korhonen, Johanna
Korovchinsky, Nikolai M
Kortelainen, Pirkko
Kosinski, Kyle
Koskela, Rebecca
Koslow, Tony
Kosmala, Margaret
Koster, Oliver
Kostrzewska-Szlakowska, Iwona
Kothari, Shan
Kotilainen, Pekka
Koven, Charles D
Kozak, Anna
Kozak, Amber
Kraemer, Benjamin M  --> Benjamin | Benjamin M
Kraft, Clifford E
Kranz, Sven
Kratz, Timothy
Kraus-Polk, Alejo
Krause, Jeffrey
Kravchenko, Alexandra
Kreitinger, Elizabeth A
Kreitler, Jason
Kremer, Marnie
Kretschmar, Leslie
Krinner, Gerhard
Krivak-Tetley, Flora E  --> Flora | Flora E
Kroel-Dulay, Gyuri
Krovetz, David
Krstic, Svetislav
Krueger, Kathryn M
Kruk, Marek
Kruse, James J
Krysan, Patrick J
Krzton, Wojciech
Kua, Zi Xun
Kubler-Dudgeon, Lila
Kucharik, Christopher  --> Chris | Christopher
Kueppers, Lara
Kuhlman, Marlrose
Kui, Li
Kula, Abigail AR
Kula, Robert R
Kulkarni, Madhura V
Kumagai, Michio
Kumar, Alexander V
Kunda, Radha
Kunkle, Justin
Kunz, Thomas
Kunza Vargas, Amy E
Kuras, Evan
Kurdziel, Josepha P
Kurtz, Liza
Kurzweil, Jason
Kushner, David
Kuusisto, Esko
Kwasizur, Kinga
Kwiatkowski, Bonnie
Kwiecinski, Jarek V
Kyllander, Richard L
La Pierre, Kimberly
Laas, Alo
Labich, William
Labou, Stephanie G  --> Stephanie | Stephanie G
LaDeau, Shannon
Ladwig, Robert
Ladwig, Laura M  --> Laura | Laura M
Lafferty, Kevin D
Lagera, Luis
Lagos, Doris
Lagrosa, John
Lagueux, Devon E
Lajtha, Kate
Lamb-Wotton, Lukas
Lambert, Tara
Lambert, Kathy
Lamberti, Gary
Lambrecht, Nicholas
LaMontagne, Jalene M
Lamy, Thomas
Landers, Dixon
Landis, Douglas
Landry, Michael
Lang, Ashley K
Langtimm, Catherine
Lannes, L S
Lany, Nina K  --> Nina | Nina K
Lapierre, Jean Francois  --> Jean Francois | Jean-Francois
Lapin, Marc
Larsen, Larissa
Larson, Elisabeth
Larson, John T
Larson, Kelli L  --> Kelli | Kelli L
Lathrop, Barbara
Lathrop, Richard C  --> Richard | Richard C
Latimore, Jo
Latour, Delphine
Lattin, John D
Lau, Matthew
Lauck, Marina
Lauenroth, William
Lauer, Fredine T
Laundre, James  --> James | Jim
Laungani, Ramesh
Lauren, Hallett
Lauster, George
Lauzon, Rebecca
Lavadie-Bulnes, Anita
Lavallee, Jocelyn M
Lavoie, Martin
Law, Edith
Lawrence, David M
Lawson, Sarah
Laybourn, Adam J
Laybourn-Parry, Johanna
Leavitt, Peter R
Lederer, Nancy
Ledman, Justin
Lee, Chuck
Lee, Petra M
Lee, Sylvia S
Lee, Tali
Lee, Raymond M
Lee, Dong Yoon
Lee, Hanna
Leff, Jonathan W
Leger, Elizabeth A
Leggett, Sagan K
Lehman, Clarence
Lehmann, Laura T
Lehnert, Kerstin
Leichter, James J  --> James | James J
Leigh, Katharine L
Leigh, David S
Leinfelder, Ben
Leira, Manel
Lekberg, Ylva
Leng, Melanie
Lenihan, Hunter
Lent, Richard
Lenters, John
Lenz, Elizabeth
Leon, Miguel
Leonardi, Nicoletta
Leoni, Barbara
Leopold, A S
Lepine, Lucie
Lepori, Fabio
Lepskaya, Ekaterina V
Lerdau, Manuel
Lerman, Susannah B  --> Susannah | Susannah B
Lerner, Barbara
Leshkevich, George
Lesmeister, Sarah
Lestak, Leanne
Leucke, Christopher
Leuenberger, Wendy M
Levey, Douglas J  --> Doug | Douglas | Douglas J
Levi, Eti Ester
Levno, Alfred B
Levy, Joseph
Levy, Joe
Lewis, Jacquelyn L
Lewis, Abigail S L  --> Abigail S | Abigail S L
Lewis, David Bruce  --> David | David Bruce
Leydecker, Al P
Lezberg, Ann
Li, Daijiang
Li, Judith L
Li, Shanze
Li, Jing
Li, Xiaoxiao
Li, Fan
Liang, Jingjing
Liang, Eryuan
Libenson, Arianna J
Lienkaemper, George W
Lightbody, Anne
Lightfoot, David
Likens, Gene E  --> Gene | Gene E
Liljedahl, Anna K
Lillesand, Thomas
Lilly, Laura
Lin, Teng-Chiu
Lin, Wei-Ting
Lin, Yang
Lin, Winli
Linz, Alexandra
Lipson, David
Litaor, Iggy
Little, John C
Litvak, Marcy E  --> Marcy | Marcy E
Liu, Shaoda
Liu, Xianbin
Liu, Xiaojun
Livingstone, David
Lloyd, Andrea H
Locke, Dexter H  --> Dexter | Dexter H
Lodge, D Jean  --> D | D Jean | Jean
Lofton, Mary E
Logozzo, Laura A
Loheide, Steven  --> Steve | Steven
Loheide II, Steven P
Loiselle, Steven
Loken, Luke
Long, Elizabeth C  --> Elizabeth | Elizabeth C
Long, Stephanie
Loomis, Patricia F
Lopez-Lloreda, Carla
Lorenson, Thomas D
Lorenz, Jerry
Loria, Kelly A  --> Kelly | Kelly A
Lortie, Christopher J
Losleben, Mark
Lotti, Thomas  --> T | Thomas
Lottig, Noah R  --> Noah | Noah R
Lougheed, Vanessa L
Louthan, Allison
Love, Jason P
Love, Milton S  --> Milton | Milton S
Lovett, Gary M
Lowe, Rex
Lowe, Winsor H  --> Winsor | Winsor H
Lowman, Heili
Lowrey, Tim
Lowry, Edward
Loydi, Alejandro
LSPA, LSPA
Lu, Kaijun
Lubbers, Anne
Lucius, Mark A
Luecke, Christopher
Luff, Bradley T
Luger, Martin S
Luis, Angela D
Lumibao, Candice Y
Lunden, Jay
Lundquist, Jessica D
Lupo, Kevin
Lurling, Miquel
Lyford, Walter
Lynch, Abigail
Lynn, Joshua S
Lyons, W Berry  --> Berry | W Berry
Maberly, Stephen C
Macchiavelli, Raul
MacDougall, Andrew  --> A | A S | Andrew
Machabee, Louis
Machado-Vieira, Danielle
MacIntyre, Sally
Mack, Michelle Cailin  --> Michelle | Michelle C | Michelle Cailin
Mackay, Eleanor
Mackay, Dax
Mackey, Tyler
MacLean, Richard
MacMillin, Katherine  --> Katherine | Kathy
Macpherson, Gwendolyn
MacRae, Jean D
Macuch, Coleman
MacWilliams, Michael
Madrecka, Beata
Maerz, John
Magee, Madeline
Magill, Alison
Magnuson, John J  --> John | John J
Maguire, Timothy
Magyan, Sarah
Mahardja, Brian
Mahoney, Andrew R
Maier, Madison
Maizel, Andrew
Majumdar, Anandamayee
Malcomb, Jacob
Maldonado Marquez, Alan A
Malhotra, Avni
Maliaka, Valentini
Malnik, Valery V
Malone, Thomas
Manies, Kristen L
Mankiewicz-Boczek, Joanna
Manley, William
Manning, Julianna L
Manning, George
Mantooth, Joshua
Mantzouki, Evanthia
Maran, Audrey
Maraslioglu, Faruk
Marazzi, Luca
Marburg, Anna
Marcarelli, Amy M
Marce, Rafael
Marchenko, Sergei
Margolis, Ellis Q
Marino, Roxanne
Mariotti, Giulio
Maritorena, Stephane
Markowski-Lindsay, Marla
Marks, Peter L
Marks, Lindsay M
Marrec, Pierre
Marshall, Diane
Martel, Lisa D  --> Lisa | Lisa D
Martell, Lisa
Martin, Jonathan E
Martin, Mary
Martin, Chris A  --> Chris | Chris A
Martina, J P
Martinez, Morgan
Martinez Pastur, Guillermo
Martins-Loucao, M A
Martinson, Douglas
Marusenko, Yevgeniy
Mass, Alex
Masters, Raymond D
Mather, Martha
Mathewson, Brooks
Matich, Philip
Matson, Phil L
Matsuzaki, Shin-Ichiro S
Matthes, Jaclyn
Matthews, Leslie
Mauclet, Elisabeth
Maugans, Julia J
Maull, Keith E
Maurer, Gregory  --> Greg | Gregory
Mauritz, Marguerite
Maxwell, R Stockton
May, Georgiana
May, Linda
Mayes, Melanie A
Mayor, Jordan Richard
Maze, James T
Mazur-Marzec, Hanna
Mazzei, Viviana
McBride, Chris
McBride, Robin
McCaffrey, Cheryl
McCall, Brittany DeLoach
McCarthy, Valerie
McCarthy, Brian C
McCartney, Peter H  --> Peter | Peter H
McClaugherty, Charles
McClearn, Deedra K
McClelland, James W
McClure, Ryan P
McConnell, Nicole A
McCulley, Rebecca L
McCullough, Ian M
McCune, Myrica
McCuskey, Susan
McDaniel, Elizabeth
McDermott, Sean
McDonald, Michael
McDonald, Robert
McDowell, Nathan
McDowell, William H  --> William | William H
McFadden, Andrew
McFarland, Jack W
McGill, Bonnie
McGillis, Wade R
McGinley, Mark
McGlathery, Karen J  --> Karen | Karen J
McGraw, Kevin
McGraw, James
McGuire, A David
McGuire, Kevin J  --> Kevin | Kevin J
McIntyre, Nancy E  --> Nancy | Nancy E
McIntyre, Peter B  --> Peter | Peter B
McIvor, Carole
McKee, Brent
McKee, W Arthur
McKenna, Owen
McKenzie, Ryan
McKnight, Diane M  --> Diane | Diane M
McLachlan, Jason
McLaren, Jennie
McLarney, William O
McLoughlin, Sean
McMahon, Sean
McMahon, Katherine
McMillen, Kelly J
McNulty, Stacy A  --> Stacy | Stacy A
McPartland, Mara Y
McPhillips, Lauren
McSwiney, Claire
McWilliams, James C
Mead, Ralph
Meador, Jason R
Mech, L David
Medeiros, Patricia M
Medeiros, Juliana
Medina, Sebastian
Mehlrose, Marissa
Meikle, William G
Melaas, Eli
Melack, John M
Melendez-Colom, Eda
Melillo, Jerry
Melles, Stephanie J
Melvin, April M
Menden-Deuer, Susanne
Menges, Eric S  --> Eric | Eric S
Meredith, Laura
Meredith, Michael  --> Michael | Mike
Meromy, Leah
Merritt, Joseph
Messerschmidt, Tyler
Messmer, Vanessa
Messyasz, Beata
Metson, Genevieve S
Mette, Elizabeth M
Meyer, Judy L
Meyer, Michael F
Meyers, Philip
Micheli, Elisabeth
Michener, William K  --> W K | William K
Mickley, James
Middel, Ariane
Mikucki, Jill
Milchunas, Daniel
Miller, Todd R
Miller, James R
Miller, Paige
Miller, Andrew D
Miller, Elizabeth
Miller, Jeffrey C
Miller, Arthur
Miller, Daniel R
Miller, Gwen
Miller, Margot
Miller, Michael
Miller, Samantha N
Miller, Elise
Miller, Tom EX
Miller, Robert J  --> Robert | Robert J
Milligan, Peter
Milligan, Brett
Mills, L S
Mills, Aaron
Milne, Bruce
Mincer, Joshua L
Miniat, Chelcy Ford
Minocha, Rakesh
Mishra, Deepak
Mitchell, Carl
Mitchell, Alexander
Mitchell, Myron
Mitchell, Jen S
Mitchell, Greg
Mitchell, Sara Gran
Modenutti, Beatriz
Moeller, Matthias
Moen, Claire
Mohan, Jacqueline
Molina, Cecilia
Molles, Manuel
Molotch, Noah
Moncrief, Nancy
Monhonval, Arthur
Montagna, Paul
Montes-Perez, Jorge Juan
Montgomery, Rebecca
Montoya, Anthony J
Montz, Pamela
Moody, Michael
Mooney, Kailen A
Mooney, Emily H  --> Emily | Emily H
Moore, Paul
Moore, J C
Moore, Rebecca
Moore, Jessica A M
Moore, John
Moore, Trisha
Moore, Laura
Moore, Joslin L  --> J L | James | John | Joslin | Joslin L
Moore, Douglas I  --> Douglas | Douglas I
Mooreberg, Colby J
Morais, Joao
Morelli, Toni Lyn
Moreno-Ostos, Enrique
Morgan, Vanessa
Morgan, Jack
Morgan, John W  --> John | John W
Morgan-Kiss, Rachael
Moriarty, Vincent W  --> Vince W | Vincent W
Moritz, Cherie
Morris, Donald P
Morris, James  --> James | Jim
Morrison, Janet A
Morse, Jennifer  --> Jen L | Jennifer
Morse, Nat
Morse, Jennifer F  --> Jennifer | Jennifer F
Mortensen, Brent  --> B | Brent
Moses, Melanie
Mostow, Rebecca
Motew, Melissa
Motzkin, Glenn
Moulton, Ashley
Mozdzer, Tom
Mueller-Navarra, Doerthe C  --> Doerthe | Doerthe C
Muldavin, Esteban H  --> Esteban | Esteban H
Mulder, Christa
Mulholland, Patrick J
Mullen, Renee
Muller, Steve
Muller-Navarra, Dorthe
Mullin, Michael
Mullins, Maria
Mullins, Elsemarie
Munger, Zackary W
Munger, William
Munoz, Mary
Murray, A Brad
Murshid, Shamim
Mustonen, Kristiina
Muthukrishnan, Ranjan
Mutschlecner, Audrey
Myers, Krista
Myers-Smith, Isla
Myint, Soe
Myster, Randall W
Nadelhoffer, Knute
Naegeli, Markus
Naldi, M
Nanninga, Adam
Napiorkowska-Krzebietke, Agnieszka
Napoli, Megan M  --> Megan | Megan M
Narango, Desiree L  --> Desiree | Desiree L
Nash, Thomas H
Natali, Susan MN  --> Susan | Susan MN
Natcher, D C
Nation, Marcia
Natvig, Donald O  --> Don | Donald O
Naumenko, Mikhail
Nava, Mabel I
Nave, Luke
Nawrocka, Lidia
Needham, P R
Neff, Jason
Neil, Kaesha
Neitlich, Peter N
Nelson, Craig E
Nelson, Michelle
Nelson, Thomas (Reid)
Nelson, James
Nelson, Doris K
Nelson, Amy
Nelson, Sarah J  --> Sarah | Sarah J
Nelson, Michael P  --> Michael | Michael P
Nelson, Clint J  --> Clint J | J Clint
Nemova, Hana
Neufeld, Howard
Neumann, Rebecca B
Newbold, J Denis
Newbold, Tim
Newell, Steven Y
Newsome, Seth
Newton, Ryan
Ng, GH Crystal
Ngu, Dieu
Nguyen, An T
Nicholas, Katie
Nichols, Stanley
Nickels, Catherine
Nickerson, David
Nicoll, Liza
Nicolsky, Dmitry J
Nidzieko, Nick J
Niederhauser, Pius
Niederlehner, Barbara R
Niedzwiecki, Michal
Nieland, Matthew
Nielsen, Jessica
Nifong, James C
Nilon, Charlie
Nilsson, Erika
Ninnemann, Jeffery J
Nippert, Jesse
Nishiguchi, Michele
Nishimoto, Mary M
Noack, Benjamin
Noble, Jennifer
Nocentini, Andrea
Nodine, Emily
Noges, Peeter
Noges, Tiina
Noguero Ribes, Jordi
Norgren, Joel
Norman, Kari EA
Norouzi, Hamidreza
North, Ryan
North, Rebecca L
Northrop, Amanda
Norton, Stephen A
Notaro, Michael
Nowak, David
Nowak, Pete
Nowicki, Robert
Noyes, Jacqueline
Nugent, Kelly A
Nunery, Jared S
Nuttle, William
O'Brien, John
O'Brien, Margaret
O'Connell, Christine
O'Connell, Jessica L
O'Connell, Kari B
O'Connor, Rory
O'Donnell, David M
O'Donnell, John
O'Donnell, Jonathan A
O'Gorman, Cory J
O'Halloran, Thomas L
O'Keefe, Kim
O'Keefe, John
O'Neal, Patrick
O'Neil-Dunne, Jarlath
O'Neill, Katherine P
O'Reilly, Bryan
O'Reilly, Catherine M  --> Catherine | Catherine M
Oates, Lawrence
Obertegger, Ulrike
Obrador, Biel
Obrecht, Daniel V  --> Dan | Daniel V
Obrist, Daniel
Ochoa-Hueso, Raul  --> R | Raul
Ochocka, Agnieszka
Ochs, Alison
Oconnor, Michael
Odum, William
Oertel, George
Ohlert, Timothy
Ohman, Mark
Ohmart, Robert D
Ohno, Tsutomu
Okamoto, Daniel K  --> Daniel | Daniel K
Okin, Gregory S  --> Greg | Gregory S
Olde Venterink, H
Olden, Julian
Oleheiser, Keith C
Oleksy, Isabella A
Oliver, Samantha K  --> Samantha | Samantha K
Ollinger, Scott V  --> Scott | Scott V
Olnes, Justin R
Olsen, Christina S
Olson, Mark H
Olson, K C
Olson, Robert J
Omari, Haneen
Onem, Burcin
Ongun Sevindik, Tugba
Onsted, Jeff
Ontiveros, Aura
Opfergelt, Sophie
Oreilly, Catherine
Oreska, Matthew
Orians, Colin
Orr, Karen
Orrock, John L  --> John | John L
Ortiz, David A
Orwig, David
Orzell, Steve L
Osgood, David
Oster, Dana
Ostrom, Margaret H
Oswald, Wyatt
Ouimette, Andrew P
Overman, Kathleen
Oviedo-Vargas, Diana
Ozen, Arda
Ozersky, Ted
Ozhan, Koray
Ozkan, Korhan
Pace, Michael L  --> Michael | Michael L | Mike
Pacholski, Laura
Packee, E C
Padulles Cubino, Josep
Paerl, Hans W
Page, Henry Mark  --> Henry M | Henry Mark
Palace, Michael
Palmer, Jason
Palmer, Meredith S
Palomino, Roberto L
Palta, Monica
Panksep, Kristel
Panou, Manthos
Papes, Mona
Pardo, Linda H  --> Linda | Linda H
Park, Daniel
Parker, Stephanie M
Parker, Deborah
Parker, Thomas
Parkhurst, Renee
Parmenter, Robert
Parnell, Ed P
Parr, Cynthia
Parreno Duque, David
Parrish, Eric
Parry, Dylan
Parshall, Tim
Parsons, Gary L
Parsons, Anthony J
Parton, William
Pasquarella, Valerie
Pasquier, Thomas
Passow, Uta
Pastore, Melissa
Pasulka, Alexis
Pasztaleniec, Agnieszka
Patel, Kaizad F
Paterson, Andrew M  --> Andrew | Andrew M
Patil, Vijay
Patriarche, Jeff
Patrick, Christopher
Patterson, Courtney M
Pau, Stephanie
Pau, Nancy
Paul, Brooks D
Pavelka, Claire
Pawlik-Skowronska, Barbara
Peacock, Emily
Pearce, Andrea
Pearsall, Douglass
Pearson, David
Pearson, Scott M
Peck, JeriLynn Eloise
Peczula, Wojciech
Pedersen, Eric
Pederson, Neil
Peeler, Kelly A
Pegoraro, Elaine F  --> Elaine | Elaine F
Pelechata, Aleksandra
Pelechaty, Mariusz
Pelini, Shannon
Peltonen, Anu
Penaluna, Brooke E
Pendleton, Burton
Peng, Shaolin
Peng, Shijia
Peng, S
Pennings, Steven C  --> Steven | Steven C
Perales, Brynn
Perales, Kousei M
Perello, Victor C
Perez Rocha, Mariana
Perez Troncoso, Carolina A
Perez-Martinez, Carmen
Perez-Ruiz, Eli R
Perkins, Fern
Perry, Dana
Perry, Sarah E  --> Sarah | Sarah E
Peters, Debra
Peters, Joey
Peters, Debra
Petersky, Rose S
Peterson, Brian
Peterson, Caitlin
Peterson, Bruce
Peterson, Kathleen A
Peterson, Richard N
Peterson, Ben
Petix, Meaghan
Petraitis, Peter S
Petrone, Kevin C
Petry, Will K
Petrzelka, Jennifer
Pett-Ridge, Jennifer
Pfeiffer, Vera Wilder
Phillips, Helen RP
Phillips, Claire
Phillips, Martha
Phillips, Nathan
Picard, Tashina C
Picard, Aude
Picazo, Antonio
Pickett, Steward
Pien, Catarina L  --> Catarina | Catarina L
Pierce, Ethan
Pierson, Derek
Pierson, Donald C  --> Don | Don C | Donald C
Pietrasiak, Nicole
Pijawka, K David
Pilla, Rachel M
Ping, Chien-Lu L
Pinkava, Donald J
Pisani, George R
Pisani, Oliva
Pislegina, Helen V
Pistrang, Lawrence
Plaza, Cesar
Plenkovic-Moraj, Andelka
Plisnier, Pierre-Denise  --> Pierre-Denis | Pierre-Denise
Pockman, William T  --> William | William T
Polashenski, Christopher M
Pold, Grace
Pollard, Lindsey
Pollard, Amina
Polsky, Colin
Pontius, Robert
Popma, Jacqueline MA
Poretti, Vic
Porras-Alfaro, Andrea
Portales-Reyes, Cristy
Porter, John H  --> John | John H
Portnoy, John
Post, David
Potter, Caitlin
Potter, Teal F
Pourmokhtarian, Afshin
Powell, Daniel L
Power, Alison G
Power, Sarah
Power, Sally A  --> S A | Sally A
Powers, Thomas
Powers, Stephen
Prebyl, Thomas
Preciado, Evelin
Preisser, Evan
Prezelin, Barbara
Price, Rene
Price, Jodi N  --> J N | Jodi | Jodi N
Priestas, Anthony
Pringle, Anne
Pringle, Catherine M  --> Catherine | Catherine M
Prinn, Ronald
Priscu, John
Prober, Suzanne M
Proffitt, C
Prosser, Diann
Provencher, Robert  --> Bill | Robert
Provost, Scott
Prowant, Lisa
Pruitt, Jonathan N
Pruss, Sara
Puerzer, Francesca
Pulliam, Ron
Putnam, Hollie
Pyne, Matthew
Pyron, Mark
Qiao, Xiujuan
Qudrat, Anam
Quetin, Langdon
Quinn, James C
Quintana-Ascencio, Pedro F
Raciti, Steve
Rademacher, Tim
Rafferty, Nicole
Ragar, Dillon M
Rahn, Jill
Rahn, Thom
Raimondi, Peter T
Rains, Mark
Ralston, Jessica S
Ramenofsky, Marilyn
Ramirez, Alonso
Rammer, Werner
Ramos-Rodriguez, Eloisa
Randolph, Scott
Rango, Al
Rao, Mahesh
Raposeiro, Pedro M
Rapp, Joshua
Rasmussen, Craig
Rassweiler, Andrew A  --> Andrew | Andrew A | Andrew R
Rastetter, Edward
Ratajczak, Zak
Raulerson, Scott
Rawlins, Michael A
Ray, Chris
Raymer, Poliana
Raymond, Peter A  --> Peter | Peter A
Raynor, Edward
Razavi, Roxanne
Read, Quentin D
Read, Emily
Read, Jordan
Reagan, Douglas
Real, Montserrat
Record, Sydne
Redfern, Joanna
Redman, Charles L
Redmond, Kate
Reed, William J
Reed, Daniel C  --> Dan | Daniel C
Reeves, Ian
Regier, Peter
Rehage, Jennifer
Rehmann, Chris
Reich, Peter B  --> Peter | Peter B
Reichmann, Lara G  --> Lara | Lara G
Reidenbach, Matthew
Reinartz, James A
Reinmann, Andy
Reinmann, Andrew
Reisinger, Alexander J  --> Alexander | Alexander J
Reiskind, Julia
Relyea, Rick A
Remec-Rekar, Spela
Remenick, Lauren
Remucal, Christina
Rendoll Carcamo, Javier A
Renner, Karen
Renwick, William H
Resasco, Julian
Reuman, Daniel
Reustle, Joseph
Rewcastle, Kenna E
Rex, Tom R
Reyes, Paul
Rheuban, Jennie
Rhoads, Anne G
Rice, Alexandrea M
Rice, Charles
Rich, Roy L
Richards, John
Richardson, Jessica
Richardson, Michael J
Richardson, Rodney
Richardson, Andrew
Richardson, Barbara A
Richardson, David
Richardson, David C  --> David | David C
Richmond, Bruce M
Richter, Stephen C
Rickenbach, Mark
Riedel, Teresa
Riggs, Charlotte
Rigosi, Anna
Rimmer, Alon
Rinde, Jenna
Rinke, A
Riordan, Brian
Ripplinger, Julie
Risch, Anita C  --> A C | Anita | Anita C
Rissman, Adena
Ritchie, Mark
Rivera, Sara
Rivera-Monroy, Victor
Rivest, Emily
Rizzie, Chris B  --> Chris | Chris B
Rizzo, Brian
Roach, John
Roberge, Martin
Roberts, Dar
Robertson, Phil
Robertson, G
Robertson, Dale
Robinson, Kelly
Robison, Andrew
Rocci, Katherine S
Rocha, Luciana
Rocha, Adrian V  --> Adrian | Adrian V
Rochera, Carlos
Rock, Linnea A
Rock, Nate
Rockwell, Fulton
Rockwood, Larry R
Roclifffe, Steve
Rodenhizer, Heidi G
Rodenhouse, Nicholas L  --> Nicholas L | Nick
Rodriguez, Valeriano
Rodriguez, Lauren K
Rodriguez, Gabriel E
Rodriguez-Cabal, Mariano A
Rodriguez-Cardona, Bianca M
Rodriguez-Perez, Estela
Rogers, Brendan M
Rogora, Michela
Rogozin, Denis Y
Rohan-Kohl, Lauren
Rohde, Melissa M
Rohr, Melanie
Rohwer, Robin
Rollinson, Emily J
Roman, Daniel Tyler
Romano, Emily Leslie
Romanovsky, Vladimir E
Romans, Elvira
Romme, William H  --> William | William H
Romo, Susana
Romolini, Michele
Root, Richard B
Rosamilia, Nichole
Roscher, Christiane
Rose, Robert
Rose, Kevin C  --> Kevin | Kevin C
Rose-Person, Annika
Rosemond, Amy
Rosenberg, Michael S
Rosenblatt, Adam
Rosenthal, Gil
Rosi, Emma J  --> Emma | Emma J
Rosinska, Joanna
Rosman, Johanna H  --> Johanna | Johanna H
Ross, Dana N R
Ross, Donald S
Ross, Robin
Rossignol, Karen L
Roth, Brian
Rothacher, Jack S
Rothhaupt, Karl-Otto
Rousk, Johannes
Rowe, Rebecca
Rowland, Freya
Roy, Karen
Roy Chowdhury, Rinku
Rozzi, Ricardo
Ruan, Leilei
Rucker, Chis
Ruddell, Darren
Rudgers, Jennifer A  --> Jennifer | Jennifer A
Rudstam, Lars
Rudstram, Lars
Ruess, Roger W  --> Roger | Roger W
Ruggiero, Peter
Ruhi, Albert
Runde, Elizabeth
Runkel, Robert
Rupp, T Scott
Rupp, Danielle L
Rusak, James A  --> James | James A | Jim A
Rusanovskaya, Olga O
Rush, Scott
Russell, Timothy
Russell, Emily
Rustad, Lindsey E  --> Lindsey | Lindsey E
Ryan, Max
Ryder, Elizabeth
Ryder, Ronald
Ryerson, Daniel
Rynearson, Tatiana
Rypel, Andrew
Ryu, Hae Yeong
Saba, Grace
Sabo, John
Sackett, Tara
Sadro, Steven  --> Steve | Steven
Safak, Ilgar
Saiers, James
Sailor, David
Sakai, Ricardo
Sala, Osvaldo E  --> Osvaldo | Osvaldo E
Salazar, David
Saleska, Scott
Salinas-Ruiz, Paulina
Salisbury, Vaughn
Salmaso, Nico
Salmi, Pauliina
Salmon, Verity G
Salva Sauri, Melissa
Salvatore, Mark R  --> Mark | Mark R
Salvucci, Guido
Samal, Nihar R  --> Nihar | Nihar R
Sampson, Sarah
Sanchez, Christopher
Sanchez, Jessica
Sandercock, Brett
Sanders, Maya N
Sanders, Nathan J
Sanders, Nathan
Sanders-DeMott, Rebecca
Sandin, Dennis
Sandry, Elena
Sanford, Gregg
Sankaran, Mahesh  --> M | Mahesh
Santamans, Anna C
Santana, Mirna
Santelli, Cara M
Santos, Rolando
Santos, Miraflor
Santoso, Arianto
Sapp, Adam
Saraceno, JohnFranco
Sarker, Shishir
Sarnelle, Ace
Saros, Jasmine E
Sarvala, Jouko
Sass, Emma
Sass, Greg
Sauer, Teresa A
Saulnier-Talbot, Emilie
Saunders, Colin
Savadova, Ksenija
Savage, Jessica
Savage, Kathleen
Savoy, Heather
Sayler, Daniel
Scanlon, Todd
Schaaf, Crystal
Schadel, C
Schaedel, Christina
Schaefer, K
Schaefer, Douglas Allen  --> Douglas | Douglas Allen
Schaner, Jess
Schatz, Jason
Schedlbauer, Jessica
Scheiner, Samuel M
Schell, Donald
Schiller, Andrew
Schimel, David
Schimel, Joshua
Schindler, Daniel E  --> Daniel | Daniel E
Schladow, Geoffrey
Schlesinger, William H  --> William | William H
Schliz, Jodi R
Schmid, Martin
Schmidt, Silke
Schmidt, Jennifer I
Schmidt, Thomas
Schmidt, Silke
Schmidt, Steven K  --> Steve | Steven | Steven K
Schmieding, Samuel
Schmitt, Russell J  --> Russell | Russell J
Schmitz, Samuel
Schmok, Jeffrey
Schmude, Kurt L
Schneider, Philipp
Schneider, Dominik
Schofield, Oscar
Schooley, Robert L  --> Robert | Robert L
Schoonmaker, Peter
Schowalter, Timothy D
Schram, Julie B
Schramm, Paul
Schreiber, Madeline E
Schreier, Brian M  --> Brian | Brian M
Schreiner-McGraw, Adam P
Schroeder, Donna M
Schroeter, Stephen C  --> Stephen C | Steven C
Schuetz, Martin
Schuldt, Nancy
Schultz, Tracey
Schultz, Kyle
Schultz-Fellenz, Emily
Schulze, Mark D
Schussler, Johanna
Schuster, William SF
Schutz, M
Schuur, Edward AG  --> Edward | Edward AG
Schwarzschild, Arthur
Scinto, Leonard
Scordo, Facundo
Scott, Tracy E
Scott, Caren
Scott, Kimberli D
Scott, Durelle T
Scott, Caren
Scott, Drew A  --> Drew | Drew A
Seabloom, Eric W  --> E W | Eric | Eric W
Seamster, Virginia
Seasted, Tim
Seastedt, Timothy R  --> Tim | Timothy | Timothy R
Sebestyen, Stephen D
See, Craig R
Seekell, David
Seelen, Laura
Seeley, Mark
Segura, Catalina
Seidl, Rupert
Seltzer, Margo
Sen, Bilgecan
Sena, Kenton L
Sendall, Kerrie M
Senegal, Taylor
Seo, Eugene
Seppelt, Ralf
Sepulveda, Ana
Serrao, Esther A
Servais, Shelby
Servilla, Mark
Sevanto, Sanna
Sevig, Mara
Seydel, Keith
Shade, Ashley
Shah, Jennifer
Shan, Shan
Shannon, Thomas
Shao, Guofan
Shaoda, Liu
Sharma, Sapna
Sharpe, Joanne M
Shaver, Gaius
Shaver, Gus
Shaw, Julea
Shaw, Allyson
Shaw, David Carl
Shchapov, Kirill
Shcherbak, Iurii
Shea, Katie
Sheik, Cody S
Sheldon, Wade
Sheldon, Wade M
Shenoy, Aditi
Shepherd, J Marshall
Sheppard, Lawrence
Sherman, Stacy
Sherrod, Susan
Sherry, Tom
Shiels, Aaron
Shimaraeva, Svetlana V
Shirey, Patrick
Shochat, Eyal
Shoemaker, Lauren
Shore, Greg
Short Gianotti, Anne
Shorts, Danielle
Shu, Lele
Shugart, Hank
Siccama, Thomas G
Sickman, James O
Siddig, Ahmed
Siegel, David A
Sienska, Justyna
Sievering, Herman
Sikka, Alok K
Sillett, Scott
Silliman, Brian R
Silow, Eugene A  --> Eugene | Eugene A
Silva, Rogerio
Silva, Solange
Silver, Whendee L  --> Whendee | Whendee L
Simmons, Joseph
Simons, Rachel D
Simpson, Heather
Sims, Katharine
Sinclair, Michael
Singer, Michael Bliss
Singer, Catherine K
Singh, Marianna
Singley, Joel
Sinsabaugh, Robert
Sipe, Timothy
Sippel, Suzanne
Sitoki, Lewis M
Sitters, J
Six, Johan
Skaff, Nicholas K  --> Nicholas | Nicholas K
Skjelbred, Birger
Sklar, Leonard S
Sklar, Fred
Slater, Steven B
Sleighter, Rachel L
Sloup, Randy
Small, Gaston
Smiley, Daniel
Smiley, Shanan
Smith, Michael
Smith, David R
Smith, Rachel
Smith, Thomas C
Smith, Sarah J
Smith, Nicole J
Smith, Jane E
Smith, Ned
Smith, Richard
Smith, Dylan
Smith, Katherine
Smith, Curt
Smith, Alexander
Smith, Colin A
Smith, Jonathan W
Smith, C Scott
Smith, Kerry
Smith, Matthew
Smith, Lesley
Smith, Raymond
Smith, Jason M
Smith, Stacy A  --> Stacy | Stacy A
Smith, Melinda D  --> Melinda | Melinda D
Smith, Jane G
Smits, Adrianne P
Smulders, Fee O H
Smyth, Robyn
Snapp, Sieglinde
Snell, Howard
Snell, Rebecca S
Snook, Linda
Snow, Daniel D
Snowman, Emily
Snyder, Jordan
Snyder, Glen
Sobczak, William
Socci, Anne
Socci Maloney, Anne
Sofen, Laura
Sokol, Eric R  --> Eric | Eric R
Solander, Kurt C
Solange, Silva
Solomon, Kelsey J
Solomon, Christopher
Sommaruga, Ruben
Sommer, Ted
Sommerkorn, Martin
Sommers, Pacifica
Song, Hajoon
Sonnier, Gregory
Sonti, Nancy F
Soranno, Patricia A  --> Patricia | Patricia A
Sorensen, Patrick
Soria, Juan Miguel
Sosik, Heidi M  --> Heidi | Heidi M
Souther, Sara
Souza, Lara A
Soylu, Elif Neyran
Spasojevic, Marko J  --> Marko | Marko J
Spear, Michael J
Speegle, Jonathan
Spellman, Katie Villano
Spencer, Robert GM
Spencer, Cheryl J
Spies, Thomas A
Spinelli, Nick
Spitler, James
Spivak, Amanda
Spoljaric Maronic, Dubravka
Spurr, Steven
Stabler, Linda Brooke
Stadler, Bernhard
Staehr, Peter
Stahler, Alan
Staiger, Stephen
Stall, Shelley
Stammerjohn, Sharon
Stancyk, Steve
Standish, Rachel J
Stange, Erik
Stanhope, Jennifer
Stanish, Lee F  --> Lee | Lee F
Stanley, Rachel
Stanley, Emily H  --> Emily | Emily H
Stapp, Paul
Starr, Gregory
Stasavich, Laura
Stassinos, Erik
Staudhammer, Christina L
Steele, Bethel G  --> Bethel | Bethel G
Stefanoff, Samantha
Stefanov, William L  --> William | William L
Stefanski, Artur
Stegen, James C
Steinbach, Mathew
Steinberg, Debbie
Steiner, Sara
Steinhart, Geoffrey
Stella, John C
Stelling, Jonathan M
Stephanov, Will
Sterner, Robert
Stetler, Jonathan T
Steudler, Paul
Stevens, Matthew
Stevens, Dale
Stevens, Carly J  --> C J | Carly | Carly J
Stevenson, Mark
Stevic, Filip
Stewart, Catherine E
Stewart, Anthony J
Stiles, Arthur
Still, Christopher J
Stillman, Aviah B
Stinson, Kristina
Stockwell, Jason D
Stoddard, John
Stone, Travis
Stone, Sophia M
Stoner, Anne M K
Stow, Craig
Strachan, Ian B
Straile, Dietmar
Stratton, Chelsea
Strauss, Alexander T
Strazisar, Theresa
Stricker, Eva
Strickland, Bradley
Striegl, Robert
Strock, Kristin E  --> Kristin | Kristin E
Stuart, Julia
Stuart, Diana
Stuart, Glenn
Stuhlmacher, Michelle
Stukel, Mike
Stutz, Jean C  --> Jean | Jean C
Subratie, Kensworth
Suca, Justin J
Suchy, Amanda K  --> Amanda | Amanda K
Suding, Katharine N  --> Katharine | Katharine N
Sullivan, Lauren
Sullivan, Kelley
Sullivan, Joe H
Sullivan, Paddy
Sullivan, Patrick F
Sullivan, Kelley
Sullivan, Franklin
Sulman, Benjamin N
Summers, Jamie C  --> Jamie | Jamie C
Sumner, Dawn
Sundberg, Karen
Suosaari, Erica P
Surasinghe, Thilina D
Svahnstrom, Vida J
Swain, Hilary M  --> Hilary | Hilary M
Swan, Christopher
Swank, Wayne T
Swanner, Elizabeth D
Swanson, Erika
Swanson, Frederick J
Sweazea, Karen
Swenson, Nate
Swiecki, Wilfred
Swift, Lloyd W
Swinton, Scott
Sydeman, Bill
Symes, Laurel B
Symstad, Amy
Syswerda, Sara
Szelag-Wasielewska, Elzbieta
Szlavecz, Kathy
Szymanski, Daniel
Tada, Takashi
Takacs-Vesbach, Cristina
Tallant, Jason M
Tamatamah, Rashid
Tan, Pang-Ning
Tandberg, Adrienne
Tanentzap, Andrew
Tang, Jianwu
Tang, Jim
Tanner, Williamson
Taranu, Zofia
Tarquinio, Ellen
Tarrant, Philip
Tatariw, Corianne
Tate Bremigan, Mary
Tavsanoglu, Ulku Nihan
Taylor, Mr Daniel
Taylor, Ryland
Taylor, Alan
Taylor, Jeffrey
Taylor, D Lee  --> D Lee | Lee
Taylor, Meghan A  --> Meghan | Meghan A
Teensma, Peter D Adrian
Tejnecky, Vaclav
Tellman, Elizabeth
Tempel, Trishelle
Templer, Pamela H  --> Pamela | Pamela H
Templeton, Laura
Templeton, Nicole
Templeton, Ryan C
Tepley, Alan J
ter Hofstede, Hannah
Tester, John
Teubner, Katrin
Teurlincx, Sven
Tewksbury, Joshua J  --> Joshua | Joshua J
Thacker, Christine
Thai, Rose H
Thatcher, David
Thelen, Kurt
Theodose, Theresa  --> Terry | Theresa
Thibault, Jim
Thibodeau, Simon
Thibodeau, Patricia
Thiery, Wim
Thomas, Christoph K
Thomas, Emily
Thomas, Madison
Thomas, Cassondra
Thompson, Jill
Thompson, Joseph
Thompson, John
Thompson, Jonathan
Thompson, Andrew
Thomson, James D
Thomson, Jordan
Thorpe, Tony
Thorpe, Anthony P
Throop, Heather
Thrush, Simon F
Thyberg, Krista L
Thyroff, Emily
Tian, Guanglong
Tiffin, Peter
Tilman, David
Timmerman, Ross
Timofeyev, Maxim A
Timoshkin, Oleg A
Titcomb, Georgia C
Titus, Melanie
Tobias, Franco
Todd, Timothy
Toetz, Dale
Tofte, Alena
Tognetti, Pedro Maximiliano  --> Pedro | Pedro M | Pedro Maximiliano
Tolomeev, Alexander P
Tominaga, Koji
Tonjes, David J
Toolson, Eric
Toomey, Michael
Toporowska, Magdalena
Torokne, Andrea
Torremorell, Ana
Trainor, S F
Trammell, Tara
Trapote, Mari Carmen
Trentman, Matt
Trepanier-Leroux, Daphne
Trexler, Joel
Triantis, Theodoros
Triplett, Eric
Tromble, John M
Troxler, Tiffany
Truitt, Barry
Trumbore, Susan
Tsiarta, Nikoletta
Tsounis, Georgois
Tucker, Gabriel F
Tunca, Hatice
Turck, John A
Turetsky, Merritt R
Turlapati, Swathi
Turnbull, Laura
Turner, Jesse C
Turner, Monica G  --> Monica | Monica G
Turner II, Billie
Turner-Skoff, Jessica
Tuvikene, Lea
Twardochleb, Laura A
Tweedie, Craig E
Twilley, Robert
Tyler, A
Ubeda, Barbara
Ulanowicz, RE
Uliassi, Dan D
Umarani, Mihir
Urbanic, Megan
Urcuyo, Javier
Uriarte, Maria
Urrutia-Cordero, Pablo
Utz, Ryan
Uysal, Rahmi
Vachon, Dominic
Vadeboncoeur, Yvonne
Vadeboncoeur, Matthew A  --> Matt | Matthew A
Vale, Micaela
Valentine, Theresa J
Valentine, Ken
Valentine, Kendall
Valentine, Vinton
Valentine, David W
Vallejos, Ronny
Valley, Ray
Vallino, Joe
Van Bloem, Skip J
Van Cleve, Keith
Van de Bogert, Matthew
van de Weg, Marjan
Van der Voort, Martha
Van Horn, David
Van Loon, Emiel E
van Mantgem, Elizabeth F
Van Zee, Justin
Vande Kopple, Robert  --> Bob | Robert
Vander Zanden, Jake M  --> Jake | Jake M
Vanderbilt, Kristin
Vanderhoof, Melanie
Vanni, Michael J  --> Michael | Michael J | Mike
Vargas, Orlando
Vargas Ramirez, Orlando
Varner, Ruth
Varon-Ramirez, Viviana Marcela
Vascik, Bryce
Vasconcelos, Vitor
Vavrus, Stephen J
Veblen, Thomas T
Vedogbeton, Hermine
Vegas-Vilarrubia, Teresa
Venrick, Elizabeth
Verburg, Peter H
Verburg, Piet
Verbyla, Dave L
Verhagen, Willem
Verma, Manish
Vernberg, F John  --> F John | John
Vernet, Maria
Verry, Elon S
Verspagen, Jolanda M H
Verstijnen, Yvon
Viaroli, P
Vickers, Michael E
Vieillard, Amanda
Viereck, Leslie A
Vietorisz, Corinne R
Viggato, Tammy
Vigil, Merle
Vile, Melanie A  --> Melanie | Melanie A
Vincent, Kim
Vincent, Tania
Vinebrooke, Rolf D
Vinent, Orencio
Viola, Sloane V
Virginia, Ross
Virtanen, Risto  --> R | Risto
Viso, Richard F
Visser, Petra M
Vitonyte, Irma
Vitt, Dale H
Vivoni, Enrique R  --> Enrique | Enrique R
Vogel, Jason G
Volkova, Ekaterina A
Von Fischer, Joseph C
Von Holle, Betsy
Vorosmarty, Charles
Vose, James M
Voss, Robert
Voss, Christine
Voter, Carolyn B
Voutilainen, Ari
Waddington, J M
Wadt, Lucia HO
Wagner, Stephanie
Wagner, Tyler  --> Ty | Tyler
Wagner, Diane
Wahle, Bruce M
Waide, Robert
Wainwright, John
Wakker, Petra
Waldrop, Mark P
Walker, Gary
Walker, John
Walker, Janet
Walker, Jason
Walker, Lawrence R
Walker, Marilyn
Walker, Skip
Walker, Xanthe J  --> Xanthe | Xanthe J
Walker, Donald A (Skip)  --> Donald | Donald (Skip) | Donald A (Skip)
Wall, Christopher
Wall, Diana
Wallace, J Bruce
Walsh, Jake
Walter, Christopher A
Walter, Jonathan A  --> Jonathan | Jonathan A
Walters, David
Walusiak, Edward
Wander, Heather L  --> Heather | Heather L
Wang, Hsueh-Ching
Wang, Xia
Wang, Guan
Wang, Seaver
Wang, Shiyu
Wang, Yafeng
Wanzenbock, Josef
Ward, Amelia
Ward, Nicole K
Ward, Collin
Ward, Tim
Wardropper, Chloe
Warming, Trine Perlt
Warne, Robin
Warren, Robert J
Warren, Dana
Warren, R Scott  --> R Scott | Scott
Warren, Paige S  --> Paige | Paige S
Washburn, Libe
Wasilewicz, Michal
Watkins, Margaret
Watkins, Gretchen
Watkins, Lance
Watkinson, Andrew
Watras, Carl
Wear, Emma
Weathers, Kathleen C  --> Kathleen | Kathleen C
Weaver, Carolyn A
Webb, Ryan
Webb, Elizabeth E
Weber, Soren E
Weber, John (JC)
Weber, Peter
Weber, Soren E
Weber, Everett
Webert, Kyle
Webster, Alex
Webster, Alex J
Webster, Jackson R
Webster, Michael S  --> Michael | Michael S
Webster, Katherine E  --> Katherine | Katherine E
Wedel, Emily
Wedin, David
Weekley, Carl W
Wehr, Richard
Wehrli, Bernhard
Wei, Xiaojing
Weidel, Brian
Weintraub, Samantha R  --> Samantha | Samantha R
Weishampel, John
Weitzman, Julie
Welch, Kathleen
Welker, Jeffrey M  --> Jeff | Jeffrey M
Wells, Carrie
Welti, Ellen
Welty, Claire
Wentz, Elizabeth
Werdin-Pfisterer, Nan
Werner, Richard A
Wessman, Carol
Weston, Nathaniel
Westphal, Mike
Wetz, Michael
Wexler, Sarah
Weyhenmeyer, Gesa A  --> Gesa | Gesa A
Wheeler, Megan
Wheeler, James
Wheeler, Julia
Whelan, Gary
Whipple, Ashley L
Whitby, Timothy G
Whitby, Hannah
Whitcomb, Sean
White, David
White, Dave
White, Margot
White, Rebekah
White, Caitlin T  --> Caitlin | Caitlin T
White, Carleton S  --> Carleton | Carleton S
Whiteaker, Timothy L
Whitford, Walter G  --> Walt | Walter | Walter G
Whitney, Kenneth D
Whittaker, Robert H
Whittinghill, Kyle
Wiberg, Patricia
Wieder, R Kelman
Wieder, William R  --> Will | William R
Wiegner, Tracy N
Wierenga, Peter
Wiesznewski, Josh
Wilbanks, Elizabeth  --> Elizabeth | Lizzy G
Wilcove, Brian
Wilcox, Andrew C
Wilcox, Kevin
Wilfahrt, Peter A  --> P A | Peter | Peter A
Wilk-Wozniak, Elzbieta
Wilkinson, James
Wilkinson, Grace M  --> Grace | Grace M
Willacker, James
William, Rowe
Williams, Ray
Williams, Mathew
Williams, Christopher
Williams, Alex
Williams, Bethany
Williams, Thomas
Williams, Mark W  --> Mark | Mark W
Williamson, Craig E  --> Craig | Craig E
Willig, Michael R
Willis, Patricia
Wilson, Anne
Wilson, Sara
Wilson, Chester E
Wilson, Gail
Wilson, Scott
Wilson, B Tyler
Wilson, Henry
Wilson, Paul
Wilson, Benjamin  --> Ben J | Benjamin
Wilson, Karen
Winant, Gabriel
Wind, Lauren L
Windham-Myers, Lisamarie
Wingfield, John
Winslow, Stephen
Winslow, Erin
Winslow, Luke A  --> Luke | Luke A
Winter, Martin
Winters, Kirsten
Winton, Debbie
Winton, Loretta M
Wisdom, Charles
Witherow, Rebecca A
Wittenbraker, William
Wittkop, Chad
Wittlinger, Sally
Woelmer, Whitney M   --> Whitney M | Whitney M 
Wofsy, Steven
Wohler, Christian
Wolf, Shaphard
Wolf, Georgia
Wolf, Blair
Wolfe, Brett T
Wolfe, Yarrow
Wollheim, Wilfred  --> Wil | Wilfred
Wolner, Catherine
Wondzell, Steven M
Wong, Andrea
Woo, Eliza
Woo, Kara H  --> Kara | Kara H
Wood, Tana
Wood, Alyssa
Wood, Lauren
Woolbright, Lawrence L
Woolley, Travis J
Woolway, R Iestyn  --> Iestyn | R Iestyn
Wooton, Elmer
Wrage, Keith
Wragg, Peter D  --> Peter | Peter D
Wright, Ellis
Wright, Mary
Wright, Karen W  --> Karen | Karen W
Wu, Juanguo
Wu, Chin
Wu, Zhixuan
Wurtz, Tricia L
Wutich, Amber
Wyatt, Kevin H
Wymore, Adam S
Wynne, Jacob H
Xia, Xinghui
Xiao, Jingfing
Xinping, Hu
Xue, Jianhong
Yabiku, Scott
Yagci, Abdulkadir
Yahdjian, Laura
Yanai, Ruth D
Yang, Yang
Yang, Zhifeng
Yang, Yang
Yang, Yuelong
Yang, Kehan
Yannarell, Anthony
Yano, Yuriko
Yao, Jin
Yarie, John
Yates, Chris A
Yavitt, Joseph B
Ye, Chenglong
Ye, Su
Yeager, Lauren
Yeakley, Jon A
Yesilonis, Ian
Yevak, Samuel
Yilmaz, Mete
Ying, Xu
Yoder, Landon
Yoder-Williams, Michael
Yokota, Kiyoko
York, Abigail  --> Abby | Abigail
Young, Allison M
Young, Alexander R
Young, Brian D
Young, Donald
Yu, Xiao
Yu, Mei
Yuan, Hengliang
Yuan, Shuai
Zadereev, Egor S
Zambrano, Angel
Zarnetske, Jay
Zarnetske, Phoebe L  --> Phoebe | Phoebe L
Zebryk, Tad
Zeglin, Lydia
Zehnder, Joseph
Zervou, Sevasti-Kiriaki
Zhang, Junzhe
Zhang, Yu
Zhang, Xiaohe
Zhang, Liwei
Zhang, Yujia
Zhao, Bin
Zhao, Lei
Zhao, Qunshan
Zhou, Weiqi
Zhou, Jizhong
Zhu, Guangwei
Zhu, Weixing
Zhuang, Qianlai Q
Zhukova, Tatyana V
Zieman, Joseph
Zimmerman, Jess
Zimmerman, Richard C  --> Richard | Richard C
Zimov, DrSergey
Zimova, Marketa
Zingmark, G Richard
Zinnert, Julie
Zipp, Katherine
Zipper, Samuel  --> Sam | Samuel
Ziter, Carly D  --> Carly | Carly D
Zlotin, Roman
Zou, Xiaoming
Zschau, Toralf
Zuliani, Mario
Zuna Pfeiffer, Tanja
Zutinic, Petar
Zwart, Jacob
